1,ADA,NORMAN,MN,56510
2,ADAMS,MOWER,MN,55909
3,ADOLPH,SAINT LOUIS,MN,55701
4,ADRIAN,NOBLES,MN,56110
5,AFTON,WASHINGTON,MN,55001
6,AITKIN,AITKIN,MN,56431
7,AKELEY,HUBBARD,MN,56433
8,ALBANY,STEARNS,MN,56307
9,ALBERT LEA,FREEBORN,MN,56007
10,ALBERTA,STEVENS,MN,56207
11,ALBERTVILLE,WRIGHT,MN,55301
12,ALBORN,SAINT LOUIS,MN,55702
13,ALDEN,FREEBORN,MN,56009
14,ALDRICH,WADENA,MN,56434
15,ALEXANDRIA,DOUGLAS,MN,56308
16,ALMELUND,CHISAGO,MN,55002
17,ALPHA,JACKSON,MN,56111
18,ALTURA,WINONA,MN,55910
19,ALVARADO,MARSHALL,MN,56710
20,AMBOY,BLUE EARTH,MN,56010
21,ANDOVER,ANOKA,MN,55304
22,ANGLE INLET,LAKE OF THE WOODS,MN,56711
23,ANGORA,SAINT LOUIS,MN,55703
24,ANNANDALE,WRIGHT,MN,55302
25,ANOKA,ANOKA,MN,55303
26,APPLETON,SWIFT,MN,56208
27,ARCO,LINCOLN,MN,56113
28,ARGYLE,MARSHALL,MN,56713
29,ARLINGTON,SIBLEY,MN,55307
30,ASHBY,GRANT,MN,56309
31,ASKOV,PINE,MN,55704
32,ATWATER,KANDIYOHI,MN,56209
33,AUDUBON,BECKER,MN,56511
34,AURORA,SAINT LOUIS,MN,55705
35,AUSTIN,MOWER,MN,55912
36,AVOCA,MURRAY,MN,56114
37,AVON,STEARNS,MN,56310
38,BABBITT,SAINT LOUIS,MN,55706
39,BACKUS,CASS,MN,56435
40,BADGER,ROSEAU,MN,56714
41,BAGLEY,CLEARWATER,MN,56621
42,BALATON,LYON,MN,56115
43,BARNESVILLE,CLAY,MN,56514
44,BARNUM,CARLTON,MN,55707
45,BARRETT,GRANT,MN,56311
46,BARRY,BIG STONE,MN,56210
47,BATTLE LAKE,OTTER TAIL,MN,56515
48,BAUDETTE,LAKE OF THE WOODS,MN,56623
49,BAXTER,CROW WING,MN,56425
50,BAYPORT,WASHINGTON,MN,55003
51,BEARDSLEY,BIG STONE,MN,56211
52,BEAVER BAY,LAKE,MN,55601
53,BEAVER CREEK,ROCK,MN,56116
54,BECKER,SHERBURNE,MN,55308
55,BEJOU,MAHNOMEN,MN,56516
56,BELGRADE,STEARNS,MN,56312
57,BELLE PLAINE,SCOTT,MN,56011
58,BELLINGHAM,LAC QUI PARLE,MN,56212
59,BELTRAMI,POLK,MN,56517
60,BELVIEW,REDWOOD,MN,56214
61,BEMIDJI,BELTRAMI,MN,56601
62,BEMIDJI,BELTRAMI,MN,56619
63,BENA,CASS,MN,56626
64,BENEDICT,HUBBARD,MN,56436
65,BENSON,SWIFT,MN,56215
66,BERTHA,TODD,MN,56437
67,BETHEL,ANOKA,MN,55005
68,BIG FALLS,KOOCHICHING,MN,56627
69,BIG LAKE,SHERBURNE,MN,55309
70,BIGELOW,NOBLES,MN,56117
71,BIGFORK,ITASCA,MN,56628
72,BINGHAM LAKE,COTTONWOOD,MN,56118
73,BIRCHDALE,KOOCHICHING,MN,56629
74,BIRD ISLAND,RENVILLE,MN,55310
75,BIWABIK,SAINT LOUIS,MN,55708
76,BLACKDUCK,BELTRAMI,MN,56630
77,BLOMKEST,KANDIYOHI,MN,56216
78,BLOOMING PRAIRIE,STEELE,MN,55917
79,BLUE EARTH,FARIBAULT,MN,56013
80,BLUFFTON,OTTER TAIL,MN,56518
81,BOCK,MILLE LACS,MN,56313
82,BORUP,NORMAN,MN,56519
83,BOVEY,ITASCA,MN,55709
84,BOWLUS,MORRISON,MN,56314
85,BOWSTRING,ITASCA,MN,56631
86,BOYD,LAC QUI PARLE,MN,56218
87,BRAHAM,ISANTI,MN,55006
88,BRAINERD,CROW WING,MN,56401
89,BRANDON,DOUGLAS,MN,56315
90,BRECKENRIDGE,WILKIN,MN,56520
91,BREWSTER,NOBLES,MN,56119
92,BRICELYN,FARIBAULT,MN,56014
93,BRIMSON,SAINT LOUIS,MN,55602
94,BRITT,SAINT LOUIS,MN,55710
95,BROOK PARK,PINE,MN,55007
96,BROOKS,RED LAKE,MN,56715
97,BROOKSTON,SAINT LOUIS,MN,55711
98,BROOTEN,STEARNS,MN,56316
99,BROWERVILLE,TODD,MN,56438
100,BROWNS VALLEY,TRAVERSE,MN,56219
101,BROWNSDALE,MOWER,MN,55918
102,BROWNSVILLE,HOUSTON,MN,55919
103,BROWNTON,MCLEOD,MN,55312
104,BRUNO,PINE,MN,55712
105,BUCKMAN,MORRISON,MN,56317
106,BUFFALO,WRIGHT,MN,55313
107,BUFFALO LAKE,RENVILLE,MN,55314
108,BUHL,SAINT LOUIS,MN,55713
109,BURNSVILLE,DAKOTA,MN,55306
110,BURNSVILLE,DAKOTA,MN,55337
111,BURTRUM,TODD,MN,56318
112,BUTTERFIELD,WATONWAN,MN,56120
113,BYRON,OLMSTED,MN,55920
114,CALEDONIA,HOUSTON,MN,55921
115,CALLAWAY,BECKER,MN,56521
116,CALUMET,ITASCA,MN,55716
117,CAMBRIDGE,ISANTI,MN,55008
118,CAMPBELL,WILKIN,MN,56522
119,CANBY,YELLOW MEDICINE,MN,56220
120,CANNON FALLS,GOODHUE,MN,55009
121,CANTON,FILLMORE,MN,55922
122,CANYON,SAINT LOUIS,MN,55717
123,CARLOS,DOUGLAS,MN,56319
124,CARLTON,CARLTON,MN,55718
125,CARVER,CARVER,MN,55315
126,CASS LAKE,CASS,MN,56633
127,CASTLE ROCK,DAKOTA,MN,55010
128,CEDAR,ANOKA,MN,55011
129,CENTER CITY,CHISAGO,MN,55012
130,CEYLON,MARTIN,MN,56121
131,CHAMPLIN,HENNEPIN,MN,55316
132,CHANDLER,MURRAY,MN,56122
133,CHANHASSEN,CARVER,MN,55317
134,CHASKA,CARVER,MN,55318
135,CHATFIELD,FILLMORE,MN,55923
136,CHISAGO CITY,CHISAGO,MN,55013
137,CHISHOLM,SAINT LOUIS,MN,55719
138,CHOKIO,STEVENS,MN,56221
139,CIRCLE PINES,ANOKA,MN,55014
140,CLARA CITY,CHIPPEWA,MN,56222
141,CLAREMONT,DODGE,MN,55924
142,CLARISSA,TODD,MN,56440
143,CLARKFIELD,YELLOW MEDICINE,MN,56223
144,CLARKS GROVE,FREEBORN,MN,56016
145,CLEAR LAKE,SHERBURNE,MN,55319
146,CLEARBROOK,CLEARWATER,MN,56634
147,CLEARWATER,WRIGHT,MN,55320
148,CLEMENTS,REDWOOD,MN,56224
149,CLEVELAND,LE SUEUR,MN,56017
150,CLIMAX,POLK,MN,56523
151,CLINTON,BIG STONE,MN,56225
152,CLITHERALL,OTTER TAIL,MN,56524
153,CLONTARF,SWIFT,MN,56226
154,CLOQUET,CARLTON,MN,55720
155,COHASSET,ITASCA,MN,55721
156,COKATO,WRIGHT,MN,55321
157,COLD SPRING,STEARNS,MN,56320
158,COLERAINE,ITASCA,MN,55722
159,COLLEGEVILLE,STEARNS,MN,56321
160,COLOGNE,CARVER,MN,55322
161,COMFREY,BROWN,MN,56019
162,COMSTOCK,CLAY,MN,56525
163,CONGER,FREEBORN,MN,56020
164,COOK,SAINT LOUIS,MN,55723
165,CORRELL,BIG STONE,MN,56227
166,COSMOS,MEEKER,MN,56228
167,COTTAGE GROVE,WASHINGTON,MN,55016
168,COTTON,SAINT LOUIS,MN,55724
169,COTTONWOOD,LYON,MN,56229
170,COURTLAND,NICOLLET,MN,56021
171,CRANE LAKE,SAINT LOUIS,MN,55725
172,CROMWELL,CARLTON,MN,55726
173,CROOKSTON,POLK,MN,56716
174,CROSBY,CROW WING,MN,56441
175,CROSSLAKE,CROW WING,MN,56442
176,CRYSTAL BAY,HENNEPIN,MN,55323
177,CURRIE,MURRAY,MN,56123
178,CUSHING,MORRISON,MN,56443
179,CYRUS,POPE,MN,56323
180,DAKOTA,WINONA,MN,55925
181,DALBO,ISANTI,MN,55017
182,DALTON,OTTER TAIL,MN,56324
183,DANUBE,RENVILLE,MN,56230
184,DANVERS,SWIFT,MN,56231
185,DARFUR,WATONWAN,MN,56022
186,DARWIN,MEEKER,MN,55324
187,DASSEL,MEEKER,MN,55325
188,DAWSON,LAC QUI PARLE,MN,56232
189,DAYTON,HENNEPIN,MN,55327
190,DEER CREEK,OTTER TAIL,MN,56527
191,DEER RIVER,ITASCA,MN,56636
192,DEERWOOD,CROW WING,MN,56444
193,DELANO,WRIGHT,MN,55328
194,DELAVAN,FARIBAULT,MN,56023
195,DENNISON,GOODHUE,MN,55018
196,DENT,OTTER TAIL,MN,56528
197,DETROIT LAKES,BECKER,MN,56501
198,DETROIT LAKES,BECKER,MN,56502
199,DEXTER,MOWER,MN,55926
200,DILWORTH,CLAY,MN,56529
201,DODGE CENTER,DODGE,MN,55927
202,DONALDSON,KITTSON,MN,56720
203,DONNELLY,STEVENS,MN,56235
204,DOVER,OLMSTED,MN,55929
205,DOVRAY,MURRAY,MN,56125
206,DULUTH,SAINT LOUIS,MN,55801
207,DULUTH,SAINT LOUIS,MN,55802
208,DULUTH,SAINT LOUIS,MN,55803
209,DULUTH,SAINT LOUIS,MN,55804
210,DULUTH,SAINT LOUIS,MN,55805
211,DULUTH,SAINT LOUIS,MN,55806
212,DULUTH,SAINT LOUIS,MN,55807
213,DULUTH,SAINT LOUIS,MN,55808
214,DULUTH,SAINT LOUIS,MN,55810
215,DULUTH,SAINT LOUIS,MN,55811
216,DULUTH,SAINT LOUIS,MN,55812
217,DULUTH,SAINT LOUIS,MN,55814
218,DULUTH,SAINT LOUIS,MN,55815
219,DULUTH,SAINT LOUIS,MN,55816
220,DUMONT,TRAVERSE,MN,56236
221,DUNDAS,RICE,MN,55019
222,DUNNELL,MARTIN,MN,56127
223,EAGLE BEND,TODD,MN,56446
224,EAGLE LAKE,BLUE EARTH,MN,56024
225,EAST GRAND FORKS,POLK,MN,56721
226,EASTON,FARIBAULT,MN,56025
227,ECHO,YELLOW MEDICINE,MN,56237
228,EDEN PRAIRIE,HENNEPIN,MN,55344
229,EDEN PRAIRIE,HENNEPIN,MN,55346
230,EDEN PRAIRIE,HENNEPIN,MN,55347
231,EDEN VALLEY,MEEKER,MN,55329
232,EDGERTON,PIPESTONE,MN,56128
233,EFFIE,ITASCA,MN,56639
234,EITZEN,HOUSTON,MN,55931
235,ELBOW LAKE,GRANT,MN,56531
236,ELGIN,WABASHA,MN,55932
237,ELIZABETH,OTTER TAIL,MN,56533
238,ELK RIVER,SHERBURNE,MN,55330
239,ELKO NEW MARKET,SCOTT,MN,55020
240,ELKO NEW MARKET,SCOTT,MN,55054
241,ELKTON,MOWER,MN,55933
242,ELLENDALE,STEELE,MN,56026
243,ELLSWORTH,NOBLES,MN,56129
244,ELMORE,FARIBAULT,MN,56027
245,ELROSA,STEARNS,MN,56325
246,ELY,SAINT LOUIS,MN,55731
247,ELYSIAN,LE SUEUR,MN,56028
248,EMBARRASS,SAINT LOUIS,MN,55732
249,EMILY,CROW WING,MN,56447
250,EMMONS,FREEBORN,MN,56029
251,ERHARD,OTTER TAIL,MN,56534
252,ERSKINE,POLK,MN,56535
253,ESKO,CARLTON,MN,55733
254,ESSIG,BROWN,MN,56030
255,EUCLID,POLK,MN,56722
256,EVANSVILLE,DOUGLAS,MN,56326
257,EVELETH,SAINT LOUIS,MN,55734
258,EXCELSIOR,HENNEPIN,MN,55331
259,EYOTA,OLMSTED,MN,55934
260,FAIRFAX,RENVILLE,MN,55332
261,FAIRMONT,MARTIN,MN,56031
262,FARIBAULT,RICE,MN,55021
263,FARMINGTON,DAKOTA,MN,55024
264,FARWELL,DOUGLAS,MN,56327
265,FEDERAL DAM,CASS,MN,56641
266,FELTON,CLAY,MN,56536
267,FERGUS FALLS,OTTER TAIL,MN,56537
268,FERGUS FALLS,OTTER TAIL,MN,56538
269,FERTILE,POLK,MN,56540
270,FIFTY LAKES,CROW WING,MN,56448
271,FINLAND,LAKE,MN,55603
272,FINLAYSON,PINE,MN,55735
273,FISHER,POLK,MN,56723
274,FLENSBURG,MORRISON,MN,56328
275,FLOM,NORMAN,MN,56541
276,FLOODWOOD,SAINT LOUIS,MN,55736
277,FOLEY,BENTON,MN,56329
278,FORBES,SAINT LOUIS,MN,55738
279,FOREST LAKE,WASHINGTON,MN,55025
280,FORESTON,MILLE LACS,MN,56330
281,FORT RIPLEY,CROW WING,MN,56449
282,FOSSTON,POLK,MN,56542
283,FOUNTAIN,FILLMORE,MN,55935
284,FOXHOME,WILKIN,MN,56543
285,FRANKLIN,RENVILLE,MN,55333
286,FRAZEE,BECKER,MN,56544
287,FREEBORN,FREEBORN,MN,56032
288,FREEPORT,STEARNS,MN,56331
289,FRONTENAC,GOODHUE,MN,55026
290,FROST,FARIBAULT,MN,56033
291,FULDA,MURRAY,MN,56131
292,GARDEN CITY,BLUE EARTH,MN,56034
293,GARFIELD,DOUGLAS,MN,56332
294,GARRISON,CROW WING,MN,56450
295,GARVIN,LYON,MN,56132
296,GARY,NORMAN,MN,56545
297,GATZKE,MARSHALL,MN,56724
298,GAYLORD,SIBLEY,MN,55334
299,GENEVA,FREEBORN,MN,56035
300,GEORGETOWN,CLAY,MN,56546
301,GHENT,LYON,MN,56239
302,GIBBON,SIBLEY,MN,55335
303,GILBERT,SAINT LOUIS,MN,55741
304,GILMAN,BENTON,MN,56333
305,GLENCOE,MCLEOD,MN,55336
306,GLENVILLE,FREEBORN,MN,56036
307,GLENWOOD,POPE,MN,56334
308,GLYNDON,CLAY,MN,56547
309,GONVICK,CLEARWATER,MN,56644
310,GOOD THUNDER,BLUE EARTH,MN,56037
311,GOODHUE,GOODHUE,MN,55027
312,GOODLAND,ITASCA,MN,55742
313,GOODRIDGE,PENNINGTON,MN,56725
314,GRACEVILLE,BIG STONE,MN,56240
315,GRANADA,MARTIN,MN,56039
316,GRAND MARAIS,COOK,MN,55604
317,GRAND MEADOW,MOWER,MN,55936
318,GRAND PORTAGE,COOK,MN,55605
319,GRAND RAPIDS,ITASCA,MN,55730
320,GRAND RAPIDS,ITASCA,MN,55744
321,GRANDY,ISANTI,MN,55029
322,GRANITE FALLS,YELLOW MEDICINE,MN,56241
323,GRASSTON,PINE,MN,55030
324,GREEN ISLE,SIBLEY,MN,55338
325,GREENBUSH,ROSEAU,MN,56726
326,GREENWALD,STEARNS,MN,56335
327,GREY EAGLE,TODD,MN,56336
328,GROVE CITY,MEEKER,MN,56243
329,GRYGLA,MARSHALL,MN,56727
330,GULLY,POLK,MN,56646
331,HACKENSACK,CASS,MN,56452
332,HALLOCK,KITTSON,MN,56728
333,HALMA,KITTSON,MN,56729
334,HALSTAD,NORMAN,MN,56548
335,HAMBURG,CARVER,MN,55339
336,HAMEL,HENNEPIN,MN,55340
337,HAMPTON,DAKOTA,MN,55031
338,HANCOCK,STEVENS,MN,56244
339,HANLEY FALLS,YELLOW MEDICINE,MN,56245
340,HANOVER,WRIGHT,MN,55341
341,HANSKA,BROWN,MN,56041
342,HARDWICK,ROCK,MN,56134
343,HARMONY,FILLMORE,MN,55939
344,HARRIS,CHISAGO,MN,55032
345,HARTLAND,FREEBORN,MN,56042
346,HASTINGS,DAKOTA,MN,55033
347,HAWLEY,CLAY,MN,56549
348,HAYFIELD,DODGE,MN,55940
349,HAYWARD,FREEBORN,MN,56043
350,HECTOR,RENVILLE,MN,55342
351,HENDERSON,SIBLEY,MN,56044
352,HENDRICKS,LINCOLN,MN,56136
353,HENDRUM,NORMAN,MN,56550
354,HENNING,OTTER TAIL,MN,56551
355,HENRIETTE,PINE,MN,55036
356,HERMAN,GRANT,MN,56248
357,HERON LAKE,JACKSON,MN,56137
358,HEWITT,TODD,MN,56453
359,HIBBING,SAINT LOUIS,MN,55746
360,HILL CITY,AITKIN,MN,55748
361,HILLMAN,MORRISON,MN,56338
362,HILLS,ROCK,MN,56138
363,HINCKLEY,PINE,MN,55037
364,HINES,BELTRAMI,MN,56647
365,HITTERDAL,CLAY,MN,56552
366,HOFFMAN,GRANT,MN,56339
367,HOKAH,HOUSTON,MN,55941
368,HOLDINGFORD,STEARNS,MN,56340
369,HOLLAND,PIPESTONE,MN,56139
370,HOLLANDALE,FREEBORN,MN,56045
371,HOLLOWAY,SWIFT,MN,56249
372,HOLMES CITY,DOUGLAS,MN,56341
373,HOLYOKE,CARLTON,MN,55749
374,HOMER,WINONA,MN,55942
375,HOPE,STEELE,MN,56046
376,HOPKINS,HENNEPIN,MN,55305
377,HOPKINS,HENNEPIN,MN,55343
378,HOUSTON,HOUSTON,MN,55943
379,HOVLAND,COOK,MN,55606
380,HOWARD LAKE,WRIGHT,MN,55349
381,HOYT LAKES,SAINT LOUIS,MN,55750
382,HUGO,WASHINGTON,MN,55038
383,HUMBOLDT,KITTSON,MN,56731
384,HUNTLEY,FARIBAULT,MN,56047
385,HUTCHINSON,MCLEOD,MN,55350
386,IHLEN,PIPESTONE,MN,56140
387,INTERNATIONAL FALLS,KOOCHICHING,MN,56649
388,INVER GROVE HEIGHTS,DAKOTA,MN,55076
389,INVER GROVE HEIGHTS,DAKOTA,MN,55077
390,IONA,MURRAY,MN,56141
391,IRON,SAINT LOUIS,MN,55751
392,IRONTON,CROW WING,MN,56455
393,ISABELLA,LAKE,MN,55607
394,ISANTI,ISANTI,MN,55040
395,ISLE,MILLE LACS,MN,56342
396,IVANHOE,LINCOLN,MN,56142
397,JACKSON,JACKSON,MN,56143
398,JACOBSON,ITASCA,MN,55752
399,JANESVILLE,WASECA,MN,56048
400,JASPER,ROCK,MN,56144
401,JEFFERS,COTTONWOOD,MN,56145
402,JENKINS,CROW WING,MN,56456
403,JORDAN,SCOTT,MN,55352
404,KABETOGAMA,KOOCHICHING,MN,56669
405,KANARANZI,NOBLES,MN,56146
406,KANDIYOHI,KANDIYOHI,MN,56251
407,KARLSTAD,KITTSON,MN,56732
408,KASOTA,LE SUEUR,MN,56050
409,KASSON,DODGE,MN,55944
410,KEEWATIN,ITASCA,MN,55753
411,KELLIHER,BELTRAMI,MN,56650
412,KELLOGG,WABASHA,MN,55945
413,KENNEDY,KITTSON,MN,56733
414,KENNETH,ROCK,MN,56147
415,KENSINGTON,DOUGLAS,MN,56343
416,KENT,WILKIN,MN,56553
417,KENYON,GOODHUE,MN,55946
418,KERKHOVEN,SWIFT,MN,56252
419,KERRICK,PINE,MN,55756
420,KETTLE RIVER,CARLTON,MN,55757
421,KIESTER,FARIBAULT,MN,56051
422,KILKENNY,RICE,MN,56052
423,KIMBALL,STEARNS,MN,55353
424,KINNEY,SAINT LOUIS,MN,55758
425,KNIFE RIVER,LAKE,MN,55609
426,LA CRESCENT,HOUSTON,MN,55947
427,LA SALLE,WATONWAN,MN,56056
428,LAFAYETTE,NICOLLET,MN,56054
429,LAKE BENTON,LINCOLN,MN,56149
430,LAKE BRONSON,KITTSON,MN,56734
431,LAKE CITY,WABASHA,MN,55041
432,LAKE CRYSTAL,BLUE EARTH,MN,56055
433,LAKE ELMO,WASHINGTON,MN,55042
434,LAKE GEORGE,HUBBARD,MN,56458
435,LAKE HUBERT,CROW WING,MN,56459
436,LAKE LILLIAN,KANDIYOHI,MN,56253
437,LAKE PARK,BECKER,MN,56554
438,LAKE WILSON,MURRAY,MN,56151
439,LAKEFIELD,JACKSON,MN,56150
440,LAKELAND,WASHINGTON,MN,55043
441,LAKEVILLE,DAKOTA,MN,55044
442,LAMBERTON,REDWOOD,MN,56152
443,LANCASTER,KITTSON,MN,56735
444,LANESBORO,FILLMORE,MN,55949
445,LANSING,MOWER,MN,55950
446,LAPORTE,HUBBARD,MN,56461
447,LASTRUP,MORRISON,MN,56344
448,LE CENTER,LE SUEUR,MN,56057
449,LE ROY,MOWER,MN,55951
450,LE SUEUR,LE SUEUR,MN,56058
451,LENGBY,MAHNOMEN,MN,56651
452,LEONARD,CLEARWATER,MN,56652
453,LEOTA,NOBLES,MN,56153
454,LESTER PRAIRIE,MCLEOD,MN,55354
455,LEWISTON,WINONA,MN,55952
456,LEWISVILLE,WATONWAN,MN,56060
457,LINDSTROM,CHISAGO,MN,55045
458,LISMORE,NOBLES,MN,56155
459,LITCHFIELD,MEEKER,MN,55355
460,LITTLE FALLS,MORRISON,MN,56345
461,LITTLEFORK,KOOCHICHING,MN,56653
462,LOMAN,KOOCHICHING,MN,56654
463,LONG LAKE,HENNEPIN,MN,55356
464,LONG PRAIRIE,TODD,MN,56347
465,LONGVILLE,CASS,MN,56655
466,LONSDALE,RICE,MN,55046
467,LORETTO,HENNEPIN,MN,55357
468,LORETTO,HENNEPIN,MN,55598
469,LOWRY,POPE,MN,56349
470,LUCAN,REDWOOD,MN,56255
471,LUTSEN,COOK,MN,55612
472,LUVERNE,ROCK,MN,56156
473,LYLE,MOWER,MN,55953
474,LYND,LYON,MN,56157
475,MABEL,FILLMORE,MN,55954
476,MADELIA,WATONWAN,MN,56062
477,MADISON,LAC QUI PARLE,MN,56256
478,MADISON LAKE,BLUE EARTH,MN,56063
479,MAGNOLIA,ROCK,MN,56158
480,MAHNOMEN,MAHNOMEN,MN,56557
481,MAKINEN,SAINT LOUIS,MN,55763
482,MANKATO,BLUE EARTH,MN,56001
483,MANKATO,BLUE EARTH,MN,56002
484,MANKATO,BLUE EARTH,MN,56006
485,MANKATO,NICOLLET,MN,56003
486,MANTORVILLE,DODGE,MN,55955
487,MAPLE LAKE,WRIGHT,MN,55358
488,MAPLE PLAIN,HENNEPIN,MN,55348
489,MAPLE PLAIN,HENNEPIN,MN,55359
490,MAPLETON,BLUE EARTH,MN,56065
491,MARBLE,ITASCA,MN,55764
492,MARCELL,ITASCA,MN,56657
493,MARIETTA,LAC QUI PARLE,MN,56257
494,MARINE ON SAINT CROIX,WASHINGTON,MN,55047
495,MARSHALL,LYON,MN,56258
496,MAX,ITASCA,MN,56659
497,MAYER,CARVER,MN,55360
498,MAYNARD,CHIPPEWA,MN,56260
499,MAZEPPA,WABASHA,MN,55956
500,MC GRATH,AITKIN,MN,56350
501,MCGREGOR,AITKIN,MN,55760
502,MCINTOSH,POLK,MN,56556
503,MEADOWLANDS,SAINT LOUIS,MN,55765
504,MEDFORD,STEELE,MN,55049
505,MELROSE,STEARNS,MN,56352
506,MENAHGA,WADENA,MN,56464
507,MENDOTA,DAKOTA,MN,55150
508,MENTOR,POLK,MN,56736
509,MERRIFIELD,CROW WING,MN,56465
510,MIDDLE RIVER,MARSHALL,MN,56737
511,MILACA,MILLE LACS,MN,56353
512,MILAN,CHIPPEWA,MN,56262
513,MILLVILLE,WABASHA,MN,55957
514,MILROY,REDWOOD,MN,56263
515,MILTONA,DOUGLAS,MN,56354
516,MINNEAPOLIS,ANOKA,MN,55421
517,MINNEAPOLIS,ANOKA,MN,55432
518,MINNEAPOLIS,ANOKA,MN,55433
519,MINNEAPOLIS,ANOKA,MN,55434
520,MINNEAPOLIS,ANOKA,MN,55448
521,MINNEAPOLIS,ANOKA,MN,55449
522,MINNEAPOLIS,HENNEPIN,MN,55401
523,MINNEAPOLIS,HENNEPIN,MN,55402
524,MINNEAPOLIS,HENNEPIN,MN,55403
525,MINNEAPOLIS,HENNEPIN,MN,55404
526,MINNEAPOLIS,HENNEPIN,MN,55405
527,MINNEAPOLIS,HENNEPIN,MN,55406
528,MINNEAPOLIS,HENNEPIN,MN,55407
529,MINNEAPOLIS,HENNEPIN,MN,55408
530,MINNEAPOLIS,HENNEPIN,MN,55409
531,MINNEAPOLIS,HENNEPIN,MN,55410
532,MINNEAPOLIS,HENNEPIN,MN,55411
533,MINNEAPOLIS,HENNEPIN,MN,55412
534,MINNEAPOLIS,HENNEPIN,MN,55413
535,MINNEAPOLIS,HENNEPIN,MN,55414
536,MINNEAPOLIS,HENNEPIN,MN,55415
537,MINNEAPOLIS,HENNEPIN,MN,55416
538,MINNEAPOLIS,HENNEPIN,MN,55417
539,MINNEAPOLIS,HENNEPIN,MN,55418
540,MINNEAPOLIS,HENNEPIN,MN,55419
541,MINNEAPOLIS,HENNEPIN,MN,55420
542,MINNEAPOLIS,HENNEPIN,MN,55422
543,MINNEAPOLIS,HENNEPIN,MN,55423
544,MINNEAPOLIS,HENNEPIN,MN,55424
545,MINNEAPOLIS,HENNEPIN,MN,55425
546,MINNEAPOLIS,HENNEPIN,MN,55426
547,MINNEAPOLIS,HENNEPIN,MN,55427
548,MINNEAPOLIS,HENNEPIN,MN,55428
549,MINNEAPOLIS,HENNEPIN,MN,55429
550,MINNEAPOLIS,HENNEPIN,MN,55430
551,MINNEAPOLIS,HENNEPIN,MN,55431
552,MINNEAPOLIS,HENNEPIN,MN,55435
553,MINNEAPOLIS,HENNEPIN,MN,55436
554,MINNEAPOLIS,HENNEPIN,MN,55437
555,MINNEAPOLIS,HENNEPIN,MN,55438
556,MINNEAPOLIS,HENNEPIN,MN,55439
557,MINNEAPOLIS,HENNEPIN,MN,55440
558,MINNEAPOLIS,HENNEPIN,MN,55441
559,MINNEAPOLIS,HENNEPIN,MN,55442
560,MINNEAPOLIS,HENNEPIN,MN,55443
561,MINNEAPOLIS,HENNEPIN,MN,55444
562,MINNEAPOLIS,HENNEPIN,MN,55445
563,MINNEAPOLIS,HENNEPIN,MN,55446
564,MINNEAPOLIS,HENNEPIN,MN,55447
565,MINNEAPOLIS,HENNEPIN,MN,55450
566,MINNEAPOLIS,HENNEPIN,MN,55454
567,MINNEAPOLIS,HENNEPIN,MN,55455
568,MINNEAPOLIS,HENNEPIN,MN,55458
569,MINNEAPOLIS,HENNEPIN,MN,55459
570,MINNEAPOLIS,HENNEPIN,MN,55467
571,MINNEAPOLIS,HENNEPIN,MN,55472
572,MINNEAPOLIS,HENNEPIN,MN,55474
573,MINNEAPOLIS,HENNEPIN,MN,55479
574,MINNEAPOLIS,HENNEPIN,MN,55480
575,MINNEAPOLIS,HENNEPIN,MN,55487
576,MINNEAPOLIS,HENNEPIN,MN,55488
577,MINNEOTA,LYON,MN,56264
578,MINNESOTA CITY,WINONA,MN,55959
579,MINNESOTA LAKE,FARIBAULT,MN,56068
580,MINNETONKA,HENNEPIN,MN,55345
581,MINNETONKA BEACH,HENNEPIN,MN,55361
582,MIZPAH,KOOCHICHING,MN,56660
583,MONTEVIDEO,CHIPPEWA,MN,56265
584,MONTGOMERY,LE SUEUR,MN,56069
585,MONTICELLO,WRIGHT,MN,55362
586,MONTICELLO,WRIGHT,MN,55590
587,MONTROSE,WRIGHT,MN,55363
588,MOORHEAD,CLAY,MN,56560
589,MOORHEAD,CLAY,MN,56561
590,MOORHEAD,CLAY,MN,56562
591,MOORHEAD,CLAY,MN,56563
592,MOOSE LAKE,CARLTON,MN,55767
593,MORA,KANABEC,MN,55051
594,MORGAN,REDWOOD,MN,56266
595,MORRIS,STEVENS,MN,56267
596,MORRISTOWN,RICE,MN,55052
597,MORTON,RENVILLE,MN,56270
598,MOTLEY,MORRISON,MN,56466
599,MOUND,HENNEPIN,MN,55364
600,MOUNTAIN IRON,SAINT LOUIS,MN,55768
601,MOUNTAIN LAKE,COTTONWOOD,MN,56159
602,MURDOCK,SWIFT,MN,56271
603,NASHUA,WILKIN,MN,56565
604,NASHWAUK,ITASCA,MN,55769
605,NAVARRE,HENNEPIN,MN,55392
606,NAYTAHWAUSH,MAHNOMEN,MN,56566
607,NELSON,DOUGLAS,MN,56355
608,NERSTRAND,RICE,MN,55053
609,NETT LAKE,SAINT LOUIS,MN,55772
610,NEVIS,HUBBARD,MN,56467
611,NEW AUBURN,SIBLEY,MN,55366
612,NEW GERMANY,CARVER,MN,55367
613,NEW LONDON,KANDIYOHI,MN,56273
614,NEW MUNICH,STEARNS,MN,56356
615,NEW PRAGUE,SCOTT,MN,56071
616,NEW RICHLAND,WASECA,MN,56072
617,NEW ULM,BROWN,MN,56073
618,NEW YORK MILLS,OTTER TAIL,MN,56567
619,NEWFOLDEN,MARSHALL,MN,56738
620,NEWPORT,WASHINGTON,MN,55055
621,NICOLLET,NICOLLET,MN,56074
622,NIELSVILLE,POLK,MN,56568
623,NIMROD,WADENA,MN,56478
624,NISSWA,CROW WING,MN,56468
625,NORCROSS,GRANT,MN,56274
626,NORTH BRANCH,CHISAGO,MN,55056
627,NORTHFIELD,RICE,MN,55057
628,NORTHOME,KOOCHICHING,MN,56661
629,NORTHROP,MARTIN,MN,56075
630,NORWOOD,CARVER,MN,55554
631,NORWOOD YOUNG AMERICA,CARVER,MN,55368
632,OAK ISLAND,LAKE OF THE WOODS,MN,56741
633,OAK PARK,BENTON,MN,56357
634,ODESSA,BIG STONE,MN,56276
635,ODIN,WATONWAN,MN,56160
636,OGEMA,BECKER,MN,56569
637,OGILVIE,KANABEC,MN,56358
638,OKABENA,JACKSON,MN,56161
639,OKLEE,RED LAKE,MN,56742
640,OLIVIA,RENVILLE,MN,56277
641,ONAMIA,MILLE LACS,MN,56359
642,ORMSBY,MARTIN,MN,56162
643,ORONOCO,OLMSTED,MN,55960
644,ORR,SAINT LOUIS,MN,55771
645,ORTONVILLE,BIG STONE,MN,56278
646,OSAGE,BECKER,MN,56570
647,OSAKIS,DOUGLAS,MN,56360
648,OSLO,MARSHALL,MN,56744
649,OSSEO,HENNEPIN,MN,55311
650,OSSEO,HENNEPIN,MN,55369
651,OSTRANDER,FILLMORE,MN,55961
652,OTTERTAIL,OTTER TAIL,MN,56571
653,OUTING,CASS,MN,56662
654,OWATONNA,STEELE,MN,55060
655,PALISADE,AITKIN,MN,56469
656,PARK RAPIDS,HUBBARD,MN,56470
657,PARKERS PRAIRIE,OTTER TAIL,MN,56361
658,PAYNESVILLE,STEARNS,MN,56362
659,PEASE,MILLE LACS,MN,56363
660,PELICAN RAPIDS,OTTER TAIL,MN,56572
661,PEMBERTON,BLUE EARTH,MN,56078
662,PENGILLY,ITASCA,MN,55775
663,PENNINGTON,BELTRAMI,MN,56663
664,PENNOCK,KANDIYOHI,MN,56279
665,PEQUOT LAKES,CROW WING,MN,56472
666,PERHAM,OTTER TAIL,MN,56573
667,PERLEY,NORMAN,MN,56574
668,PETERSON,FILLMORE,MN,55962
669,PIERZ,MORRISON,MN,56364
670,PILLAGER,CASS,MN,56473
671,PINE CITY,PINE,MN,55063
672,PINE ISLAND,GOODHUE,MN,55963
673,PINE RIVER,CASS,MN,56474
674,PIPESTONE,PIPESTONE,MN,56164
675,PLAINVIEW,WABASHA,MN,55964
676,PLATO,MCLEOD,MN,55370
677,PLUMMER,RED LAKE,MN,56748
678,PONSFORD,BECKER,MN,56575
679,PORTER,YELLOW MEDICINE,MN,56280
680,PRESTON,FILLMORE,MN,55965
681,PRINCETON,MILLE LACS,MN,55371
682,PRINSBURG,KANDIYOHI,MN,56281
683,PRIOR LAKE,SCOTT,MN,55372
684,PUPOSKY,BELTRAMI,MN,56667
685,RACINE,MOWER,MN,55967
686,RANDALL,MORRISON,MN,56475
687,RANDOLPH,DAKOTA,MN,55065
688,RANIER,KOOCHICHING,MN,56668
689,RAYMOND,KANDIYOHI,MN,56282
690,READING,NOBLES,MN,56165
691,READS LANDING,WABASHA,MN,55968
692,RED LAKE FALLS,RED LAKE,MN,56750
693,RED WING,GOODHUE,MN,55066
694,REDBY,BELTRAMI,MN,56670
695,REDLAKE,BELTRAMI,MN,56671
696,REDWOOD FALLS,REDWOOD,MN,56283
697,REMER,CASS,MN,56672
698,RENVILLE,RENVILLE,MN,56284
699,REVERE,REDWOOD,MN,56166
700,RICE,BENTON,MN,56367
701,RICHMOND,STEARNS,MN,56368
702,RICHVILLE,OTTER TAIL,MN,56576
703,RICHWOOD,BECKER,MN,56577
704,ROCHERT,BECKER,MN,56578
705,ROCHESTER,OLMSTED,MN,55901
706,ROCHESTER,OLMSTED,MN,55902
707,ROCHESTER,OLMSTED,MN,55903
708,ROCHESTER,OLMSTED,MN,55904
709,ROCHESTER,OLMSTED,MN,55905
710,ROCHESTER,OLMSTED,MN,55906
711,ROCK CREEK,PINE,MN,55067
712,ROCKFORD,HENNEPIN,MN,55572
713,ROCKFORD,WRIGHT,MN,55373
714,ROCKVILLE,STEARNS,MN,56369
715,ROGERS,HENNEPIN,MN,55374
716,ROLLINGSTONE,WINONA,MN,55969
717,ROOSEVELT,ROSEAU,MN,56673
718,ROSCOE,STEARNS,MN,56371
719,ROSE CREEK,MOWER,MN,55970
720,ROSEAU,ROSEAU,MN,56751
721,ROSEMOUNT,DAKOTA,MN,55068
722,ROTHSAY,WILKIN,MN,56579
723,ROUND LAKE,NOBLES,MN,56167
724,ROYALTON,MORRISON,MN,56373
725,RUSH CITY,CHISAGO,MN,55069
726,RUSHFORD,FILLMORE,MN,55971
727,RUSHMORE,NOBLES,MN,56168
728,RUSSELL,LYON,MN,56169
729,RUTHTON,PIPESTONE,MN,56170
730,SABIN,CLAY,MN,56580
731,SACRED HEART,RENVILLE,MN,56285
732,SAGINAW,SAINT LOUIS,MN,55779
733,SAINT BONIFACIUS,HENNEPIN,MN,55375
734,SAINT CHARLES,WINONA,MN,55972
735,SAINT CLAIR,BLUE EARTH,MN,56080
736,SAINT CLOUD,SHERBURNE,MN,56304
737,SAINT CLOUD,STEARNS,MN,56301
738,SAINT CLOUD,STEARNS,MN,56302
739,SAINT CLOUD,STEARNS,MN,56303
740,SAINT CLOUD,STEARNS,MN,56372
741,SAINT CLOUD,STEARNS,MN,56393
742,SAINT FRANCIS,ANOKA,MN,55070
743,SAINT HILAIRE,PENNINGTON,MN,56754
744,SAINT JAMES,WATONWAN,MN,56081
745,SAINT JOSEPH,STEARNS,MN,56374
746,SAINT MARTIN,STEARNS,MN,56376
747,SAINT MICHAEL,WRIGHT,MN,55376
748,SAINT PAUL,DAKOTA,MN,55118
749,SAINT PAUL,DAKOTA,MN,55120
750,SAINT PAUL,DAKOTA,MN,55121
751,SAINT PAUL,DAKOTA,MN,55122
752,SAINT PAUL,DAKOTA,MN,55123
753,SAINT PAUL,DAKOTA,MN,55124
754,SAINT PAUL,HENNEPIN,MN,55111
755,SAINT PAUL,RAMSEY,MN,55101
756,SAINT PAUL,RAMSEY,MN,55102
757,SAINT PAUL,RAMSEY,MN,55103
758,SAINT PAUL,RAMSEY,MN,55104
759,SAINT PAUL,RAMSEY,MN,55105
760,SAINT PAUL,RAMSEY,MN,55106
761,SAINT PAUL,RAMSEY,MN,55107
762,SAINT PAUL,RAMSEY,MN,55108
763,SAINT PAUL,RAMSEY,MN,55109
764,SAINT PAUL,RAMSEY,MN,55110
765,SAINT PAUL,RAMSEY,MN,55112
766,SAINT PAUL,RAMSEY,MN,55113
767,SAINT PAUL,RAMSEY,MN,55114
768,SAINT PAUL,RAMSEY,MN,55116
769,SAINT PAUL,RAMSEY,MN,55117
770,SAINT PAUL,RAMSEY,MN,55119
771,SAINT PAUL,RAMSEY,MN,55126
772,SAINT PAUL,RAMSEY,MN,55127
773,SAINT PAUL,RAMSEY,MN,55130
774,SAINT PAUL,RAMSEY,MN,55133
775,SAINT PAUL,RAMSEY,MN,55144
776,SAINT PAUL,RAMSEY,MN,55155
777,SAINT PAUL,RAMSEY,MN,55164
778,SAINT PAUL,RAMSEY,MN,55165
779,SAINT PAUL,RAMSEY,MN,55175
780,SAINT PAUL,WASHINGTON,MN,55115
781,SAINT PAUL,WASHINGTON,MN,55125
782,SAINT PAUL,WASHINGTON,MN,55128
783,SAINT PAUL,WASHINGTON,MN,55129
784,SAINT PAUL PARK,WASHINGTON,MN,55071
785,SAINT PETER,NICOLLET,MN,56082
786,SAINT STEPHEN,STEARNS,MN,56375
787,SAINT VINCENT,KITTSON,MN,56755
788,SALOL,ROSEAU,MN,56756
789,SANBORN,REDWOOD,MN,56083
790,SANDSTONE,PINE,MN,55072
791,SANTIAGO,SHERBURNE,MN,55377
792,SARGEANT,MOWER,MN,55973
793,SARTELL,STEARNS,MN,56377
794,SAUK CENTRE,STEARNS,MN,56378
795,SAUK RAPIDS,BENTON,MN,56379
796,SAVAGE,SCOTT,MN,55378
797,SAWYER,CARLTON,MN,55780
798,SCANDIA,WASHINGTON,MN,55073
799,SCHROEDER,COOK,MN,55613
800,SEBEKA,WADENA,MN,56477
801,SHAFER,CHISAGO,MN,55074
802,SHAKOPEE,SCOTT,MN,55379
803,SHELLY,NORMAN,MN,56581
804,SHERBURN,MARTIN,MN,56171
805,SHEVLIN,CLEARWATER,MN,56676
806,SIDE LAKE,SAINT LOUIS,MN,55781
807,SILVER BAY,LAKE,MN,55614
808,SILVER CREEK,WRIGHT,MN,55380
809,SILVER LAKE,MCLEOD,MN,55381
810,SLAYTON,MURRAY,MN,56172
811,SLEEPY EYE,BROWN,MN,56085
812,SOLWAY,BELTRAMI,MN,56678
813,SOUDAN,SAINT LOUIS,MN,55782
814,SOUTH HAVEN,WRIGHT,MN,55382
815,SOUTH INTERNATIONAL FALLS,KOOCHICHING,MN,56679
816,SOUTH SAINT PAUL,DAKOTA,MN,55075
817,SPICER,KANDIYOHI,MN,56288
818,SPRING GROVE,HOUSTON,MN,55974
819,SPRING LAKE,ITASCA,MN,56680
820,SPRING PARK,HENNEPIN,MN,55384
821,SPRING VALLEY,FILLMORE,MN,55975
822,SPRINGFIELD,BROWN,MN,56087
823,SQUAW LAKE,ITASCA,MN,56681
824,STACY,CHISAGO,MN,55078
825,STACY,CHISAGO,MN,55079
826,STANCHFIELD,ISANTI,MN,55080
827,STAPLES,WADENA,MN,56479
828,STARBUCK,POPE,MN,56381
829,STEEN,ROCK,MN,56173
830,STEPHEN,MARSHALL,MN,56757
831,STEWART,MCLEOD,MN,55385
832,STEWARTVILLE,OLMSTED,MN,55976
833,STILLWATER,WASHINGTON,MN,55082
834,STILLWATER,WASHINGTON,MN,55083
835,STOCKTON,WINONA,MN,55988
836,STORDEN,COTTONWOOD,MN,56174
837,STRANDQUIST,MARSHALL,MN,56758
838,STRATHCONA,ROSEAU,MN,56759
839,STURGEON LAKE,PINE,MN,55783
840,SUNBURG,KANDIYOHI,MN,56289
841,SWAN RIVER,ITASCA,MN,55784
842,SWANVILLE,MORRISON,MN,56382
843,SWATARA,CASS,MN,55785
844,TACONITE,ITASCA,MN,55786
845,TALMOON,ITASCA,MN,56637
846,TAMARACK,AITKIN,MN,55787
847,TAOPI,MOWER,MN,55977
848,TAUNTON,LYON,MN,56291
849,TAYLORS FALLS,CHISAGO,MN,55084
850,TENSTRIKE,BELTRAMI,MN,56683
851,THIEF RIVER FALLS,PENNINGTON,MN,56701
852,TINTAH,TRAVERSE,MN,56583
853,TOFTE,COOK,MN,55615
854,TOWER,SAINT LOUIS,MN,55790
855,TRACY,LYON,MN,56175
856,TRAIL,POLK,MN,56684
857,TRIMONT,MARTIN,MN,56176
858,TRUMAN,MARTIN,MN,56088
859,TWIG,SAINT LOUIS,MN,55791
860,TWIN LAKES,FREEBORN,MN,56089
861,TWIN VALLEY,NORMAN,MN,56584
862,TWO HARBORS,LAKE,MN,55616
863,TYLER,LINCOLN,MN,56178
864,ULEN,CLAY,MN,56585
865,UNDERWOOD,OTTER TAIL,MN,56586
866,UPSALA,MORRISON,MN,56384
867,UTICA,WINONA,MN,55979
868,VERGAS,OTTER TAIL,MN,56587
869,VERMILLION,DAKOTA,MN,55085
870,VERNDALE,WADENA,MN,56481
871,VERNON CENTER,BLUE EARTH,MN,56090
872,VESTA,REDWOOD,MN,56292
873,VICTORIA,CARVER,MN,55386
874,VIKING,MARSHALL,MN,56760
875,VILLARD,POPE,MN,56385
876,VINING,OTTER TAIL,MN,56588
877,VIRGINIA,SAINT LOUIS,MN,55792
878,WABASHA,WABASHA,MN,55981
879,WABASSO,REDWOOD,MN,56293
880,WACONIA,CARVER,MN,55387
881,WADENA,WADENA,MN,56482
882,WAHKON,MILLE LACS,MN,56386
883,WAITE PARK,STEARNS,MN,56387
884,WALDORF,WASECA,MN,56091
885,WALKER,CASS,MN,56484
886,WALNUT GROVE,REDWOOD,MN,56180
887,WALTHAM,MOWER,MN,55982
888,WANAMINGO,GOODHUE,MN,55983
889,WANDA,REDWOOD,MN,56294
890,WANNASKA,ROSEAU,MN,56761
891,WARBA,ITASCA,MN,55793
892,WARREN,MARSHALL,MN,56762
893,WARROAD,ROSEAU,MN,56763
894,WARSAW,RICE,MN,55087
895,WASECA,WASECA,MN,56093
896,WASKISH,BELTRAMI,MN,56685
897,WATERTOWN,CARVER,MN,55388
898,WATERVILLE,LE SUEUR,MN,56096
899,WATKINS,MEEKER,MN,55389
900,WATSON,CHIPPEWA,MN,56295
901,WAUBUN,BECKER,MN,56589
902,WAVERLY,WRIGHT,MN,55390
903,WAYZATA,HENNEPIN,MN,55391
904,WEBSTER,RICE,MN,55088
905,WELCH,GOODHUE,MN,55089
906,WELCOME,MARTIN,MN,56181
907,WELLS,FARIBAULT,MN,56097
908,WENDELL,GRANT,MN,56590
909,WEST CONCORD,DODGE,MN,55985
910,WEST UNION,TODD,MN,56389
911,WESTBROOK,COTTONWOOD,MN,56183
912,WHEATON,TRAVERSE,MN,56296
913,WILLERNIE,WASHINGTON,MN,55090
914,WILLIAMS,LAKE OF THE WOODS,MN,56686
915,WILLMAR,KANDIYOHI,MN,56201
916,WILLOW RIVER,PINE,MN,55795
917,WILMONT,NOBLES,MN,56185
918,WINDOM,COTTONWOOD,MN,56101
919,WINGER,POLK,MN,56592
920,WINNEBAGO,FARIBAULT,MN,56098
921,WINONA,WINONA,MN,55987
922,WINSTED,MCLEOD,MN,55395
923,WINTHROP,SIBLEY,MN,55396
924,WINTON,SAINT LOUIS,MN,55796
925,WOLF LAKE,BECKER,MN,56593
926,WOLVERTON,WILKIN,MN,56594
927,WOOD LAKE,YELLOW MEDICINE,MN,56297
928,WOODSTOCK,PIPESTONE,MN,56186
929,WORTHINGTON,NOBLES,MN,56187
930,WRENSHALL,CARLTON,MN,55797
931,WRIGHT,CARLTON,MN,55798
932,WYKOFF,FILLMORE,MN,55990
933,WYOMING,CHISAGO,MN,55092
934,YOUNG AMERICA,CARVER,MN,55397
935,YOUNG AMERICA,CARVER,MN,55399
936,ZIMMERMAN,SHERBURNE,MN,55398
937,ZUMBRO FALLS,WABASHA,MN,55991
938,ZUMBROTA,GOODHUE,MN,55992